{"metadata":{"asset_id":"41466579-2634-47c2-85f4-ad5f27a58b44","asset_attributes":["notebook"],"name":"Final_Assignment","asset_type":"notebook","created_at":"2023-09-07T17:16:32Z","description":"","origin_country":"us","owner_id":"IBMid-664005121K","project_id":"74c1f9de-7a79-4fbc-855e-829ed2d0b675","size":99916,"tags":["notebook"],"usage":{"last_update_time":1694124079349,"last_updated_at":"2023-09-07T22:01:19Z"}},"entity":{"notebook":{"kernel":{"name":"python3","display_name":"Python 3.10","language":"python"},"originates_from":{"url":"https://cf-courses-data.s3.us.cloud-object-storage.appdomain.cloud/IBMDeveloperSkillsNetwork-ML0101EN-SkillsNetwork/labs/Module%206/DS-8-Assignment.ipynb","type":"url"},"runtime":{"environment":"rt222pys2-74c1f9de-7a79-4fbc-855e-829ed2d0b675"}}},"attachments":[{"id":"b5ad7071-c4cf-441b-b0f5-1ecd71a1bd56","version":2,"asset_type":"notebook","name":"attachment for notebook 41466579-2634-47c2-85f4-ad5f27a58b44","description":"attachment for notebook 41466579-2634-47c2-85f4-ad5f27a58b44","mime":"application/json","datasource_type":"193a97c1-4475-4a19-b90c-295c4fdc6517","object_key":"notebook/Final_Assignment_ac_Px8uf9.ipynb","creator_id":"IBMid-664005121K","create_time":1694106999231,"size":99916,"is_remote":false,"is_managed":false,"is_referenced":true,"is_object_key_read_only":false,"is_user_provided_path_key":true,"transfer_complete":true,"is_partitioned":false,"complete_time_ticks":1694106999231,"user_data":{},"test_doc":0,"handle":{"bucket":"machinelearningwithpythonapractic-donotdelete-pr-izw73f7malgzru","location":"eu-de","type":"bluemix_cos","key":"notebook/Final_Assignment_ac_Px8uf9.ipynb","upload_id":"done","max_part_num":1},"usage":{"access_count":70,"last_accessor_id":"IBMid-664005121K","last_access_time":1694123470710,"last_updater_id":"IBMid-664005121K","last_update_time":1694123470710}}]}
